row_number,protocol,service,state,attack_score,flagged,predicted_label,category_suggestion,model_version
1,tcp,ftp,FIN,0.00012618649086374603,False,normal,Normal,unsw-v1-86b48802
2,udp,dns,INT,0.999187520204492,True,attack,Generic,unsw-v1-86b48802
3,udp,dns,INT,0.9999784048130814,True,attack,Generic,unsw-v1-86b48802
4,arp,-,INT,3.2382697488820657e-05,False,normal,Normal,unsw-v1-86b48802
5,tcp,-,FIN,0.9933324675620561,True,attack,Exploits,unsw-v1-86b48802
6,udp,dns,INT,0.9999846760657563,True,attack,Generic,unsw-v1-86b48802
7,tcp,-,FIN,1.2296647670960316e-05,False,normal,Normal,unsw-v1-86b48802
8,tcp,-,FIN,0.9941075554005264,True,attack,Exploits,unsw-v1-86b48802
9,tcp,-,FIN,0.8689379593175155,True,attack,Fuzzers,unsw-v1-86b48802
10,unas,-,INT,0.9997086206830342,True,attack,Exploits,unsw-v1-86b48802
11,udp,dns,INT,0.9999831400668227,True,attack,Generic,unsw-v1-86b48802
12,tcp,-,FIN,0.3779515819019698,False,normal,Fuzzers,unsw-v1-86b48802
13,tcp,-,REQ,0.0013200214501108845,False,normal,Normal,unsw-v1-86b48802
14,tcp,-,FIN,8.514294257354033e-06,False,normal,Normal,unsw-v1-86b48802
15,tcp,-,FIN,2.5624744601400412e-05,False,normal,Normal,unsw-v1-86b48802
16,tcp,pop3,FIN,0.9966300219794004,True,attack,Exploits,unsw-v1-86b48802
17,tcp,http,FIN,0.24269015563208737,False,normal,Normal,unsw-v1-86b48802
18,tcp,-,FIN,6.717176862267163e-06,False,normal,Normal,unsw-v1-86b48802
19,udp,dns,INT,0.9999898911880978,True,attack,Generic,unsw-v1-86b48802
20,tcp,-,FIN,2.826386931315713e-05,False,normal,Normal,unsw-v1-86b48802
21,tcp,-,FIN,0.9471441447003578,True,attack,Fuzzers,unsw-v1-86b48802
22,tcp,-,FIN,0.41176407009454097,False,normal,Normal,unsw-v1-86b48802
23,unas,-,INT,0.9998073287934583,True,attack,Exploits,unsw-v1-86b48802
24,pnni,-,INT,0.9996200239880583,True,attack,Exploits,unsw-v1-86b48802
25,arp,-,CON,0.0015281364018739172,False,normal,Normal,unsw-v1-86b48802
26,udp,-,INT,0.9930797931177904,True,attack,Reconnaissance,unsw-v1-86b48802
27,unas,-,INT,0.9978801826304596,True,attack,Exploits,unsw-v1-86b48802
28,udp,dns,INT,0.9999773939059428,True,attack,Generic,unsw-v1-86b48802
29,udp,-,INT,0.9261346276436336,True,attack,Fuzzers,unsw-v1-86b48802
30,arp,-,INT,3.2382697488820657e-05,False,normal,Normal,unsw-v1-86b48802
31,unas,-,INT,0.9995629682855794,True,attack,Exploits,unsw-v1-86b48802
32,tcp,-,FIN,0.9878736794766542,True,attack,Exploits,unsw-v1-86b48802
33,udp,dns,INT,0.9998973623306372,True,attack,Generic,unsw-v1-86b48802
34,udp,-,CON,1.4222339450004806e-05,False,normal,Normal,unsw-v1-86b48802
35,tcp,-,FIN,1.6534777987267044e-05,False,normal,Normal,unsw-v1-86b48802
36,tcp,-,CON,0.002340711213728299,False,normal,Normal,unsw-v1-86b48802
37,udp,dns,INT,0.999983229692518,True,attack,Generic,unsw-v1-86b48802
38,tcp,-,FIN,0.7607577604459892,True,attack,Exploits,unsw-v1-86b48802
39,tcp,-,FIN,0.8105443733713138,True,attack,Fuzzers,unsw-v1-86b48802
40,tcp,-,FIN,0.9920170143534423,True,attack,Exploits,unsw-v1-86b48802
41,tcp,-,FIN,0.9922558927467748,True,attack,Exploits,unsw-v1-86b48802
42,tcp,-,FIN,0.7835044245793618,True,attack,Fuzzers,unsw-v1-86b48802
43,tcp,-,FIN,0.20211005649344635,False,normal,Normal,unsw-v1-86b48802
44,unas,-,INT,0.9991307042435685,True,attack,Exploits,unsw-v1-86b48802
45,tcp,http,FIN,0.9036829371158748,True,attack,Fuzzers,unsw-v1-86b48802
46,udp,dns,INT,0.9999918308799729,True,attack,Generic,unsw-v1-86b48802
47,tcp,http,FIN,0.999566631430314,True,attack,Exploits,unsw-v1-86b48802
48,tcp,-,FIN,0.28654143983984864,False,normal,Normal,unsw-v1-86b48802
49,tcp,ftp-data,FIN,0.0002459567747521372,False,normal,Normal,unsw-v1-86b48802
50,tcp,http,FIN,0.0005719338108790653,False,normal,Normal,unsw-v1-86b48802
51,tcp,-,FIN,0.9995356330609636,True,attack,Exploits,unsw-v1-86b48802
52,udp,-,INT,0.4710801929923668,False,normal,Fuzzers,unsw-v1-86b48802
53,tcp,http,FIN,0.9981660715068653,True,attack,Exploits,unsw-v1-86b48802
54,udp,dns,INT,0.9999862926732478,True,attack,Generic,unsw-v1-86b48802
55,udp,dns,INT,0.9999757420785242,True,attack,Generic,unsw-v1-86b48802
56,tcp,-,FIN,0.7989122136415381,True,attack,Normal,unsw-v1-86b48802
57,udp,dns,INT,0.9999850820970652,True,attack,Generic,unsw-v1-86b48802
58,tcp,-,FIN,0.9919629854017447,True,attack,Exploits,unsw-v1-86b48802
59,udp,dns,INT,0.9993732874060999,True,attack,Generic,unsw-v1-86b48802
60,udp,dns,CON,0.00012034570603781034,False,normal,Normal,unsw-v1-86b48802
61,unas,-,INT,0.9996177359218196,True,attack,Exploits,unsw-v1-86b48802
62,tcp,-,FIN,2.3578354317165506e-05,False,normal,Normal,unsw-v1-86b48802
63,udp,dns,CON,6.767923393696848e-05,False,normal,Normal,unsw-v1-86b48802
64,udp,dns,INT,0.999983974322629,True,attack,Generic,unsw-v1-86b48802
65,tcp,ssh,FIN,0.00011113944659396826,False,normal,Normal,unsw-v1-86b48802
66,udp,dns,INT,0.9997695526509629,True,attack,Generic,unsw-v1-86b48802
67,udp,dns,INT,0.9999875423728862,True,attack,Generic,unsw-v1-86b48802
68,tcp,-,FIN,0.8353043298073156,True,attack,Fuzzers,unsw-v1-86b48802
69,udp,-,INT,0.758046059516846,True,attack,Fuzzers,unsw-v1-86b48802
70,tcp,-,FIN,0.18970684900069484,False,normal,Normal,unsw-v1-86b48802
71,tcp,-,FIN,0.9996127863417943,True,attack,Exploits,unsw-v1-86b48802
72,tcp,-,REQ,0.002241358028457708,False,normal,Normal,unsw-v1-86b48802
73,tcp,-,FIN,0.5602601597333108,False,normal,Fuzzers,unsw-v1-86b48802
74,udp,-,INT,0.9954813945303818,True,attack,Reconnaissance,unsw-v1-86b48802
75,tcp,ssh,FIN,5.907749799702638e-05,False,normal,Normal,unsw-v1-86b48802
76,tcp,-,FIN,0.9983101447117887,True,attack,Exploits,unsw-v1-86b48802
77,tcp,-,FIN,0.9120299343800466,True,attack,Fuzzers,unsw-v1-86b48802
78,udp,-,INT,0.6881318072877579,True,attack,Fuzzers,unsw-v1-86b48802
79,tcp,-,FIN,0.21795907915906576,False,normal,Normal,unsw-v1-86b48802
80,udp,dns,CON,0.00011809724830823941,False,normal,Normal,unsw-v1-86b48802
81,udp,dns,INT,0.9999895241385729,True,attack,Generic,unsw-v1-86b48802
82,udp,-,INT,0.7020186853939976,True,attack,Fuzzers,unsw-v1-86b48802
83,udp,-,CON,1.8080669541508e-05,False,normal,Normal,unsw-v1-86b48802
84,tcp,-,FIN,0.48776167428084,False,normal,Fuzzers,unsw-v1-86b48802
85,udp,dns,INT,0.999989149855345,True,attack,Generic,unsw-v1-86b48802
86,tcp,http,FIN,0.28215028111323387,False,normal,Normal,unsw-v1-86b48802
87,udp,dns,INT,0.9999917305007363,True,attack,Generic,unsw-v1-86b48802
88,udp,dns,INT,0.9999867729317684,True,attack,Generic,unsw-v1-86b48802
89,udp,dns,INT,0.9999873870468329,True,attack,Generic,unsw-v1-86b48802
90,prm,-,INT,0.9996644323296505,True,attack,Exploits,unsw-v1-86b48802
91,ttp,-,INT,0.9994725875324698,True,attack,Exploits,unsw-v1-86b48802
92,udp,dns,INT,0.999870459752416,True,attack,Generic,unsw-v1-86b48802
93,unas,-,INT,0.999584206812019,True,attack,Backdoor,unsw-v1-86b48802
94,tcp,-,FIN,0.2943885157991977,False,normal,Normal,unsw-v1-86b48802
95,tcp,-,FIN,0.011903598872929338,False,normal,Normal,unsw-v1-86b48802
96,tcp,-,FIN,0.7494075682030872,True,attack,Fuzzers,unsw-v1-86b48802
97,tcp,-,REQ,0.0008684318349757113,False,normal,Normal,unsw-v1-86b48802
98,tcp,-,FIN,0.9709562808210318,True,attack,Fuzzers,unsw-v1-86b48802
99,tcp,http,FIN,0.42130228464503033,False,normal,Normal,unsw-v1-86b48802
100,tcp,-,FIN,3.715585012442557e-06,False,normal,Normal,unsw-v1-86b48802
101,tcp,http,FIN,0.999098687643485,True,attack,Reconnaissance,unsw-v1-86b48802
102,tcp,-,FIN,0.0005500276527186197,False,normal,Normal,unsw-v1-86b48802
103,udp,dns,INT,0.9999506260295224,True,attack,Generic,unsw-v1-86b48802
104,tcp,http,FIN,0.9958920602192811,True,attack,Generic,unsw-v1-86b48802
105,tcp,-,FIN,0.3989929307427928,False,normal,Exploits,unsw-v1-86b48802
106,udp,dns,INT,0.9999883887717067,True,attack,Generic,unsw-v1-86b48802
107,udp,dns,INT,0.9997145207757651,True,attack,Generic,unsw-v1-86b48802
108,sat-mon,-,INT,0.9992333632444893,True,attack,Exploits,unsw-v1-86b48802
109,tcp,-,FIN,4.287262541981904e-06,False,normal,Normal,unsw-v1-86b48802
110,udp,dns,INT,0.9999180616549883,True,attack,Generic,unsw-v1-86b48802
111,tcp,-,FIN,0.8682836074513909,True,attack,Exploits,unsw-v1-86b48802
112,udp,-,INT,0.3885377160482007,False,normal,Normal,unsw-v1-86b48802
113,tcp,ftp,FIN,0.0002694834552198658,False,normal,Normal,unsw-v1-86b48802
114,tcp,ftp,FIN,0.19876414383061702,False,normal,Normal,unsw-v1-86b48802
115,tcp,-,FIN,0.990986734921123,True,attack,Exploits,unsw-v1-86b48802
116,vmtp,-,INT,0.9985092234073681,True,attack,Exploits,unsw-v1-86b48802
117,tcp,-,FIN,0.456207232377049,False,normal,Normal,unsw-v1-86b48802
118,any,-,INT,0.9991086337734287,True,attack,Exploits,unsw-v1-86b48802
119,tcp,-,FIN,0.9402614171808612,True,attack,Fuzzers,unsw-v1-86b48802
120,udp,-,INT,0.9937714690968528,True,attack,Reconnaissance,unsw-v1-86b48802
121,udp,dns,INT,0.9999840732192271,True,attack,Generic,unsw-v1-86b48802
122,udp,dns,INT,0.9999768091076271,True,attack,Generic,unsw-v1-86b48802
123,tcp,http,FIN,0.0001651542294109869,False,normal,Normal,unsw-v1-86b48802
124,udp,-,INT,0.775301350719003,True,attack,Fuzzers,unsw-v1-86b48802
125,arp,-,INT,3.6055173724907824e-05,False,normal,Normal,unsw-v1-86b48802
126,unas,-,INT,0.9997086206830342,True,attack,Exploits,unsw-v1-86b48802
127,udp,dns,INT,0.999964913465412,True,attack,Generic,unsw-v1-86b48802
128,udp,dns,INT,0.9998575290168429,True,attack,Generic,unsw-v1-86b48802
129,unas,-,INT,0.9970598041114795,True,attack,Exploits,unsw-v1-86b48802
130,tcp,-,FIN,2.340193274507696e-05,False,normal,Normal,unsw-v1-86b48802
131,udp,dns,CON,0.00010521142807629055,False,normal,Normal,unsw-v1-86b48802
132,tcp,http,FIN,0.15400709185088515,False,normal,Normal,unsw-v1-86b48802
133,udp,-,INT,0.6902756372226736,True,attack,Fuzzers,unsw-v1-86b48802
134,tcp,-,FIN,0.6051185254463431,False,normal,Fuzzers,unsw-v1-86b48802
135,tcp,-,FIN,3.195910081567128e-05,False,normal,Normal,unsw-v1-86b48802
136,tcp,-,FIN,0.4970974456403957,False,normal,Normal,unsw-v1-86b48802
137,tcp,-,FIN,0.6930194292735642,True,attack,Exploits,unsw-v1-86b48802
138,tcp,-,FIN,1.1451785251356992e-05,False,normal,Normal,unsw-v1-86b48802
139,udp,dns,INT,0.9993604649318976,True,attack,Generic,unsw-v1-86b48802
140,tcp,-,FIN,0.2717004996267007,False,normal,Normal,unsw-v1-86b48802
141,tcp,-,FIN,8.268679662655854e-06,False,normal,Normal,unsw-v1-86b48802
142,tcp,-,FIN,2.2748865345709012e-05,False,normal,Normal,unsw-v1-86b48802
143,udp,dns,INT,0.9999906939153542,True,attack,Generic,unsw-v1-86b48802
144,unas,-,INT,0.9990561452628639,True,attack,Backdoor,unsw-v1-86b48802
145,tcp,-,REQ,0.003239094777795092,False,normal,Normal,unsw-v1-86b48802
146,udp,dns,INT,0.9993732874060999,True,attack,Generic,unsw-v1-86b48802
147,tcp,-,FIN,0.22333119126573864,False,normal,Normal,unsw-v1-86b48802
148,tcp,-,FIN,0.4459034148154026,False,normal,Normal,unsw-v1-86b48802
149,udp,dns,INT,0.9999803565848624,True,attack,Generic,unsw-v1-86b48802
150,tcp,-,FIN,3.391328838809691e-05,False,normal,Normal,unsw-v1-86b48802
151,sun-nd,-,INT,0.9974099324343842,True,attack,DoS,unsw-v1-86b48802
152,arp,-,INT,0.0001326913550906084,False,normal,Normal,unsw-v1-86b48802
153,udp,dns,INT,0.9999936999554969,True,attack,Generic,unsw-v1-86b48802
154,udp,dns,INT,0.9998224309339601,True,attack,Generic,unsw-v1-86b48802
155,tcp,-,FIN,4.346436434188428e-05,False,normal,Normal,unsw-v1-86b48802
156,unas,-,INT,0.9993472129726564,True,attack,Exploits,unsw-v1-86b48802
157,tcp,-,FIN,1.4444029387620476e-05,False,normal,Normal,unsw-v1-86b48802
158,tcp,-,FIN,0.7808348282206914,True,attack,Fuzzers,unsw-v1-86b48802
159,udp,-,INT,0.8846827530447522,True,attack,Fuzzers,unsw-v1-86b48802
160,tcp,-,FIN,0.42795396165325905,False,normal,Normal,unsw-v1-86b48802
161,tcp,-,FIN,0.9560313913336758,True,attack,Fuzzers,unsw-v1-86b48802
162,udp,-,INT,0.4468005110556718,False,normal,Fuzzers,unsw-v1-86b48802
163,tcp,-,FIN,0.9670445448267192,True,attack,Fuzzers,unsw-v1-86b48802
164,tcp,-,CON,0.0076044083732145955,False,normal,Normal,unsw-v1-86b48802
165,tcp,http,FIN,0.9905583582493648,True,attack,Exploits,unsw-v1-86b48802
166,tcp,-,FIN,2.0249335046900518e-05,False,normal,Normal,unsw-v1-86b48802
167,udp,dns,INT,0.9997786707518924,True,attack,Generic,unsw-v1-86b48802
168,tcp,-,FIN,2.475167088122576e-05,False,normal,Normal,unsw-v1-86b48802
169,tcp,-,FIN,0.7080072630411629,True,attack,Shellcode,unsw-v1-86b48802
170,udp,dns,INT,0.9998367940891345,True,attack,Generic,unsw-v1-86b48802
171,udp,dns,CON,8.343116532616273e-05,False,normal,Normal,unsw-v1-86b48802
172,udp,-,INT,0.9942372099715976,True,attack,Reconnaissance,unsw-v1-86b48802
173,tcp,smtp,FIN,0.00019887211048008827,False,normal,Normal,unsw-v1-86b48802
174,leaf-2,-,INT,0.9992540596493588,True,attack,Exploits,unsw-v1-86b48802
175,udp,-,CON,2.896281405923917e-05,False,normal,Normal,unsw-v1-86b48802
176,tcp,-,FIN,0.9893291076763739,True,attack,Exploits,unsw-v1-86b48802
177,udp,dns,INT,0.9999886583569993,True,attack,Generic,unsw-v1-86b48802
178,tcp,ftp,FIN,0.9248743702076119,True,attack,Fuzzers,unsw-v1-86b48802
179,udp,dns,INT,0.9999869489760008,True,attack,Generic,unsw-v1-86b48802
180,udp,dns,INT,0.9999759792316217,True,attack,Generic,unsw-v1-86b48802
181,udp,dns,CON,0.00013737115369085614,False,normal,Normal,unsw-v1-86b48802
182,udp,-,INT,0.9096531607580032,True,attack,Fuzzers,unsw-v1-86b48802
183,tcp,-,REQ,0.010485203888098805,False,normal,Normal,unsw-v1-86b48802
184,tcp,smtp,FIN,0.0001559677496867135,False,normal,Normal,unsw-v1-86b48802
185,udp,-,INT,0.5594021708496774,False,normal,Fuzzers,unsw-v1-86b48802
186,unas,-,INT,0.9991086337734287,True,attack,Exploits,unsw-v1-86b48802
187,tcp,http,FIN,0.221903065630955,False,normal,Normal,unsw-v1-86b48802
188,tcp,-,FIN,3.4281897258984774e-06,False,normal,Normal,unsw-v1-86b48802
189,tcp,-,FIN,1.4080921602290194e-05,False,normal,Normal,unsw-v1-86b48802
190,tcp,http,FIN,0.9976894643916124,True,attack,Exploits,unsw-v1-86b48802
191,udp,dns,INT,0.9999788928520684,True,attack,Generic,unsw-v1-86b48802
192,tcp,http,FIN,0.9265759611686971,True,attack,Exploits,unsw-v1-86b48802
193,compaq-peer,-,INT,0.9980708690203604,True,attack,Exploits,unsw-v1-86b48802
194,tcp,-,FIN,0.5028424475604163,False,normal,Fuzzers,unsw-v1-86b48802
195,tcp,-,FIN,0.9823340301221981,True,attack,Reconnaissance,unsw-v1-86b48802
196,udp,dns,INT,0.9989549154585396,True,attack,Generic,unsw-v1-86b48802
197,tcp,http,FIN,0.9973888038029919,True,attack,Exploits,unsw-v1-86b48802
198,udp,-,INT,0.7346223952549387,True,attack,Fuzzers,unsw-v1-86b48802
199,udp,dns,INT,0.9981491542045063,True,attack,Generic,unsw-v1-86b48802
200,udp,dns,INT,0.9999855889664856,True,attack,Generic,unsw-v1-86b48802
201,udp,dns,INT,0.9999886873771185,True,attack,Generic,unsw-v1-86b48802
202,tcp,-,FIN,0.3462221900354446,False,normal,Normal,unsw-v1-86b48802
203,udp,dns,CON,0.000225123380843954,False,normal,Normal,unsw-v1-86b48802
204,udp,dns,INT,0.9988804644961896,True,attack,Generic,unsw-v1-86b48802
205,tcp,smtp,FIN,0.976399481451573,True,attack,Exploits,unsw-v1-86b48802
206,qnx,-,INT,0.9995349709552648,True,attack,Exploits,unsw-v1-86b48802
207,tcp,-,FIN,0.9466453038565801,True,attack,Fuzzers,unsw-v1-86b48802
208,tcp,-,FIN,0.5702050019605733,False,normal,Fuzzers,unsw-v1-86b48802
209,tcp,-,CON,0.002491121083513007,False,normal,Normal,unsw-v1-86b48802
210,tcp,-,FIN,0.914672578808767,True,attack,Reconnaissance,unsw-v1-86b48802
211,tcp,-,FIN,1.82949018587891e-05,False,normal,Normal,unsw-v1-86b48802
212,tcp,-,FIN,0.6143864099749284,False,normal,Normal,unsw-v1-86b48802
213,udp,-,INT,0.9636494437201225,True,attack,Shellcode,unsw-v1-86b48802
214,unas,-,INT,0.9993188923390953,True,attack,Exploits,unsw-v1-86b48802
215,tcp,http,FIN,5.671010757399901e-05,False,normal,Normal,unsw-v1-86b48802
216,tcp,-,CON,0.001661024121575307,False,normal,Normal,unsw-v1-86b48802
217,tcp,-,FIN,0.9877038239710688,True,attack,Reconnaissance,unsw-v1-86b48802
218,tcp,http,FIN,0.3610348347686433,False,normal,Normal,unsw-v1-86b48802
219,udp,-,INT,0.9622309075499234,True,attack,Exploits,unsw-v1-86b48802
220,udp,dns,INT,0.9997985868229817,True,attack,Generic,unsw-v1-86b48802
221,udp,dns,INT,0.9999823322771332,True,attack,Generic,unsw-v1-86b48802
222,udp,dns,INT,0.9997462444937179,True,attack,Generic,unsw-v1-86b48802
223,tcp,-,FIN,0.9497218650788117,True,attack,Fuzzers,unsw-v1-86b48802
224,udp,dns,INT,0.9997395370656593,True,attack,Generic,unsw-v1-86b48802
225,tcp,-,FIN,1.6085641941359847e-05,False,normal,Normal,unsw-v1-86b48802
226,udp,dns,INT,0.9965413233403073,True,attack,Generic,unsw-v1-86b48802
227,udp,-,INT,0.8804615511780829,True,attack,Fuzzers,unsw-v1-86b48802
228,tcp,http,FIN,0.9625787817198165,True,attack,Reconnaissance,unsw-v1-86b48802
229,merit-inp,-,INT,0.9990402760693046,True,attack,Exploits,unsw-v1-86b48802
230,tcp,http,FIN,0.931235796616411,True,attack,Exploits,unsw-v1-86b48802
231,udp,dns,CON,4.5910122742408596e-05,False,normal,Normal,unsw-v1-86b48802
232,tcp,-,CON,0.0009638636003671206,False,normal,Normal,unsw-v1-86b48802
233,udp,-,INT,0.22870185411551527,False,normal,Normal,unsw-v1-86b48802
234,udp,dns,INT,0.9999539540854334,True,attack,Generic,unsw-v1-86b48802
235,udp,-,INT,0.5475369817606633,False,normal,Fuzzers,unsw-v1-86b48802
236,tcp,-,CON,0.0032404604000306225,False,normal,Normal,unsw-v1-86b48802
237,sctp,-,INT,0.9978166193514625,True,attack,Exploits,unsw-v1-86b48802
238,tcp,-,FIN,0.942063878236261,True,attack,Shellcode,unsw-v1-86b48802
239,tcp,-,FIN,2.892182547603446e-05,False,normal,Normal,unsw-v1-86b48802
240,unas,-,INT,0.9997086206830342,True,attack,Exploits,unsw-v1-86b48802
241,tcp,-,REQ,0.009022410237450504,False,normal,Normal,unsw-v1-86b48802
242,udp,-,INT,0.6189265416709347,False,normal,Fuzzers,unsw-v1-86b48802
243,tcp,ftp-data,FIN,0.999215142439267,True,attack,Exploits,unsw-v1-86b48802
244,udp,dns,INT,0.9989822637220288,True,attack,Generic,unsw-v1-86b48802
245,udp,dns,INT,0.99999148085898,True,attack,Generic,unsw-v1-86b48802
246,tcp,-,FIN,0.35754684835347345,False,normal,Normal,unsw-v1-86b48802
247,tcp,-,FIN,1.0100280457222909e-05,False,normal,Normal,unsw-v1-86b48802
248,tcp,-,FIN,2.2250882121185517e-06,False,normal,Normal,unsw-v1-86b48802
249,ospf,-,INT,0.9998657973885062,True,attack,Exploits,unsw-v1-86b48802
250,tcp,ftp,FIN,8.733270796026905e-05,False,normal,Normal,unsw-v1-86b48802
251,tcp,-,FIN,5.524711480805663e-06,False,normal,Normal,unsw-v1-86b48802
252,udp,dns,INT,0.9997540806209173,True,attack,Generic,unsw-v1-86b48802
253,udp,dns,INT,0.9999903615646044,True,attack,Generic,unsw-v1-86b48802
254,tcp,-,FIN,0.624246605479186,False,normal,Fuzzers,unsw-v1-86b48802
255,tcp,http,FIN,0.6606134851593022,False,normal,Exploits,unsw-v1-86b48802
256,tcp,-,FIN,0.9386548019265591,True,attack,Exploits,unsw-v1-86b48802
257,tcp,ftp-data,FIN,0.0005080188350656529,False,normal,Normal,unsw-v1-86b48802
258,udp,dns,INT,0.9999937114043161,True,attack,Generic,unsw-v1-86b48802
259,tcp,-,FIN,0.6967417938795977,True,attack,Fuzzers,unsw-v1-86b48802
260,udp,-,INT,0.9920171867569854,True,attack,Shellcode,unsw-v1-86b48802
261,unas,-,INT,0.9998913160380805,True,attack,Exploits,unsw-v1-86b48802
262,tcp,-,FIN,0.9610473516602357,True,attack,Reconnaissance,unsw-v1-86b48802
263,udp,-,INT,0.7294044850146412,True,attack,Fuzzers,unsw-v1-86b48802
264,udp,dns,INT,0.9999899097766727,True,attack,Generic,unsw-v1-86b48802
265,udp,dns,INT,0.9999822446704196,True,attack,Generic,unsw-v1-86b48802
266,tcp,http,FIN,0.9880964067031656,True,attack,DoS,unsw-v1-86b48802
267,udp,dns,INT,0.999242672381131,True,attack,Generic,unsw-v1-86b48802
268,tcp,http,FIN,0.5222036787168052,False,normal,Normal,unsw-v1-86b48802
269,tcp,-,FIN,1.8003127212130085e-05,False,normal,Normal,unsw-v1-86b48802
270,udp,-,INT,0.9958636817863451,True,attack,Reconnaissance,unsw-v1-86b48802
271,tcp,http,FIN,0.2445244218378546,False,normal,Normal,unsw-v1-86b48802
272,udp,-,INT,0.9948491799973506,True,attack,Reconnaissance,unsw-v1-86b48802
273,tcp,-,FIN,6.149754725101767e-06,False,normal,Normal,unsw-v1-86b48802
274,udp,dns,INT,0.9999172185051928,True,attack,Generic,unsw-v1-86b48802
275,udp,dns,INT,0.9990187524519701,True,attack,Generic,unsw-v1-86b48802
276,tcp,-,FIN,0.28712617388052775,False,normal,Normal,unsw-v1-86b48802
277,tcp,http,FIN,0.8580611617043352,True,attack,Analysis,unsw-v1-86b48802
278,udp,dns,INT,0.9999871400439235,True,attack,Generic,unsw-v1-86b48802
279,tcp,http,FIN,0.7278526302295999,True,attack,Fuzzers,unsw-v1-86b48802
280,udp,dns,CON,0.00020674515250641316,False,normal,Normal,unsw-v1-86b48802
281,udp,dns,INT,0.9999851421861109,True,attack,Generic,unsw-v1-86b48802
282,mux,-,INT,0.9985087848637405,True,attack,Exploits,unsw-v1-86b48802
283,tcp,-,FIN,0.975863070377336,True,attack,Shellcode,unsw-v1-86b48802
284,tcp,-,FIN,1.211488233605018e-05,False,normal,Normal,unsw-v1-86b48802
285,ospf,-,INT,0.997338457627049,True,attack,Exploits,unsw-v1-86b48802
286,udp,dns,CON,4.114989674419251e-05,False,normal,Normal,unsw-v1-86b48802
287,tcp,-,FIN,0.996962153030022,True,attack,Exploits,unsw-v1-86b48802
288,tcp,-,FIN,1.3991871698263909e-05,False,normal,Normal,unsw-v1-86b48802
289,tcp,http,FIN,0.9925590433843852,True,attack,Exploits,unsw-v1-86b48802
290,iso-tp4,-,INT,0.999107783490483,True,attack,Exploits,unsw-v1-86b48802
291,tcp,http,FIN,0.3336749728778182,False,normal,Normal,unsw-v1-86b48802
292,tcp,ftp-data,FIN,0.0003403305028267608,False,normal,Normal,unsw-v1-86b48802
293,tcp,-,FIN,0.37328649454129426,False,normal,Normal,unsw-v1-86b48802
294,tcp,-,REQ,0.001582536693611571,False,normal,Normal,unsw-v1-86b48802
295,tcp,http,FIN,0.9972100501871204,True,attack,Exploits,unsw-v1-86b48802
296,udp,dns,INT,0.9999361218661706,True,attack,Generic,unsw-v1-86b48802
297,udp,dns,INT,0.9993670875031465,True,attack,Generic,unsw-v1-86b48802
298,udp,dns,INT,0.999989574111004,True,attack,Generic,unsw-v1-86b48802
299,tcp,-,FIN,1.9427921023283162e-05,False,normal,Normal,unsw-v1-86b48802
300,udp,dns,INT,0.9999844870129037,True,attack,Generic,unsw-v1-86b48802
